{
  "resources": {
    "gold": 159.93429999999995,
    "wood": 5,
    "food": 247.07299999999938,
    "oil": 500,
    "metal": 0,
    "steel": 0,
    "weapons": 0,
    "influence": 0
  },
  "population": 66,
  "military": 0
}