{
  "resources": {
    "gold": 0,
    "wood": 468.2139999999981,
    "food": 1182.7844000000127,
    "oil": 500,
    "metal": 0,
    "steel": 0,
    "weapons": 0,
    "influence": 0
  },
  "population": 153,
  "military": 0
}