{
  "resources": {
    "gold": 0,
    "wood": 723.723999999999,
    "food": 0.5004999999999988,
    "oil": 822.838999999993,
    "metal": 0,
    "steel": 0,
    "weapons": 0,
    "influence": 170.154
  },
  "population": 145,
  "military": 0
}