{
  "resources": {
    "gold": 428.9285499999999,
    "wood": 340,
    "food": 422.14290000000005,
    "oil": 500,
    "metal": 0,
    "steel": 0,
    "weapons": 0,
    "influence": 0
  },
  "population": 80,
  "military": 0
}