{
  "resources": {
    "gold": 1338.4240000000002,
    "wood": 490,
    "food": 412.1132000000001,
    "oil": 500,
    "metal": 0,
    "steel": 0,
    "weapons": 0,
    "influence": 0
  },
  "population": 41,
  "military": 0
}