{
  "resources": {
    "gold": 480,
    "wood": 470,
    "food": 500,
    "oil": 481.99400000000014,
    "metal": 26.011999999999997,
    "steel": 0,
    "weapons": 0
  },
  "population": 0,
  "military": 0
}