{
  "resources": {
    "gold": 2205.771000000008,
    "wood": 98.11400000000015,
    "food": 906.1411000000026,
    "oil": 475.99000000000024,
    "metal": 4.003,
    "steel": 0,
    "weapons": 0,
    "influence": 0
  },
  "population": 148,
  "military": 0
}