{
  "resources": {
    "gold": 7.160000000000004,
    "wood": 18702.080000000027,
    "food": 0,
    "oil": 500,
    "metal": 0,
    "steel": 0,
    "weapons": 0
  },
  "population": 0,
  "military": 0
}