{
  "resources": {
    "gold": 790.2629999999999,
    "wood": 490,
    "food": 459.3693999999999,
    "oil": 500,
    "metal": 0,
    "steel": 0,
    "weapons": 0,
    "influence": 0
  },
  "population": 29,
  "military": 0
}