{
  "resources": {
    "gold": 9946.784999999998,
    "wood": 460,
    "food": 31.414900000000053,
    "oil": 500,
    "metal": 0,
    "steel": 0,
    "weapons": 0,
    "influence": 0
  },
  "population": 194,
  "military": 0
}