{
  "resources": {
    "gold": 61677.92800000002,
    "wood": 385,
    "food": 26.01959999999999,
    "oil": 500,
    "metal": 0,
    "steel": 0,
    "weapons": 0,
    "influence": 0
  },
  "population": 194,
  "military": 0
}