{
  "resources": {
    "gold": 350,
    "wood": 440.42999999999967,
    "food": 920.3799999999997,
    "oil": 500,
    "metal": 0,
    "steel": 0,
    "weapons": 0
  },
  "population": 0,
  "military": 0
}