{
  "resources": {
    "gold": 6490.202999999999,
    "wood": 460,
    "food": 703.3432000000001,
    "oil": 500,
    "metal": 0,
    "steel": 0,
    "weapons": 0,
    "influence": 0
  },
  "population": 156,
  "military": 0
}