{
  "resources": {
    "gold": 24632.430000000004,
    "wood": 385,
    "food": 9.005299999999913,
    "oil": 500,
    "metal": 0,
    "steel": 0,
    "weapons": 0,
    "influence": 0
  },
  "population": 220,
  "military": 0
}