{
  "resources": {
    "gold": 3964.3239999999996,
    "wood": 460,
    "food": 776.6751000000002,
    "oil": 500,
    "metal": 0,
    "steel": 0,
    "weapons": 0,
    "influence": 0
  },
  "population": 84,
  "military": 0
}