{
  "resources": {
    "gold": 384.91525000000036,
    "wood": 260,
    "food": 301.5701000000001,
    "oil": 500,
    "metal": 0,
    "steel": 0,
    "weapons": 0,
    "influence": 0
  },
  "population": 90,
  "military": 0
}