{
  "resources": {
    "gold": 358.7749999999999,
    "wood": 445,
    "food": 589.7658000000007,
    "oil": 500,
    "metal": 0,
    "steel": 0,
    "weapons": 0,
    "influence": 0
  },
  "population": 33,
  "military": 0
}