{
  "resources": {
    "gold": 1015.5599999999995,
    "wood": 730.3000000000021,
    "food": 500,
    "oil": 389.8920000000017,
    "metal": 210.21600000000018,
    "steel": 0,
    "weapons": 0
  },
  "population": 0,
  "military": 0
}