{
  "resources": {
    "gold": 2102.1386,
    "wood": 468.04200000000003,
    "food": 599.2119000000004,
    "oil": 500,
    "metal": 0,
    "steel": 0,
    "weapons": 0,
    "influence": 0
  },
  "population": 69,
  "military": 0
}