{
  "resources": {
    "gold": 772.1660000000002,
    "wood": 470,
    "food": 472.68410000000006,
    "oil": 500,
    "metal": 0,
    "steel": 0,
    "weapons": 0,
    "influence": 0
  },
  "population": 42,
  "military": 0
}